level,seasonality,status
0.1247235035912131,1.0000000099999404,LOCALLY_SOLVED
