level,seasonality,status
2.000000019999467,2.0000000199998853,LOCALLY_SOLVED
