level,seasonality,status
1.0000000099996569,1.000000009999948,LOCALLY_SOLVED
