level,seasonality,status
1.92567073865166,1.8021089129588137,LOCALLY_SOLVED
