level,seasonality,status
0.02748948319273031,1.9977915964394197,LOCALLY_SOLVED
