level,seasonality,status
3.000000029998589,3.000000029999828,LOCALLY_SOLVED
