level,seasonality,status
9.990028466787954e-6,9.990004014551742e-6,LOCALLY_SOLVED
