level,seasonality,status
2.000000020002971,2.0000000200035166,LOCALLY_SOLVED
