level,seasonality,status
1.999999987499852,2.0000000114075,LOCALLY_SOLVED
