level,seasonality,status
1.0000000099994155,1.0000000099999455,LOCALLY_SOLVED
