level,seasonality,status
9.992857527895245e-6,9.99007445014169e-6,LOCALLY_SOLVED
