level,seasonality,status
9.99000052529613e-6,1.0000000099999313,LOCALLY_SOLVED
