level,seasonality,status
1.0000000099996358,1.0000000099999475,LOCALLY_SOLVED
