level,seasonality,status
3.0000000240866465,3.0000000298478287,LOCALLY_SOLVED
