level,seasonality,status
9.990067829908505e-6,9.990002985426384e-6,LOCALLY_SOLVED
