level,seasonality,status
2.000000020013228,2.0000000200037538,LOCALLY_SOLVED
