level,seasonality,status
3.000000029999334,3.0000000299998044,LOCALLY_SOLVED
