level,seasonality,status
3.0000000299991134,3.0000000300054572,LOCALLY_SOLVED
