level,seasonality,status
9.990018486736235e-6,9.990003791326095e-6,LOCALLY_SOLVED
