level,seasonality,status
1.0000000099996216,1.0000000099999493,LOCALLY_SOLVED
