level,seasonality,status
1.000000009999381,1.0000000099999486,LOCALLY_SOLVED
