level,seasonality,status
9.990018848802023e-6,9.990001403466603e-6,LOCALLY_SOLVED
