level,seasonality,status
9.990012663487618e-6,9.990001617094912e-6,LOCALLY_SOLVED
