level,seasonality,status
3.000000030005512,3.0000000300181555,LOCALLY_SOLVED
