level,seasonality,status
2.0000000199992227,2.0000000200132844,LOCALLY_SOLVED
