level,seasonality,status
2.000000019999227,2.000000020003525,LOCALLY_SOLVED
