level,seasonality,status
2.0000000199996424,2.0000000199998884,LOCALLY_SOLVED
