level,seasonality,status
9.990001413689479e-6,9.990001138931332e-6,LOCALLY_SOLVED
