level,seasonality,status
2.000000019999279,2.000000019999885,LOCALLY_SOLVED
