level,seasonality,status
1.0000000099994983,1.0000000099999478,LOCALLY_SOLVED
