level,seasonality,status
2.000000019999449,2.0000000199998778,LOCALLY_SOLVED
