level,seasonality,status
0.8420816738198214,1.9964302479974074,LOCALLY_SOLVED
