level,seasonality,status
1.000000009999549,1.0000000099999466,LOCALLY_SOLVED
