level,seasonality,status
9.990051725932557e-6,9.9900008077228e-6,LOCALLY_SOLVED
