level,seasonality,status
3.0000000299989416,3.000000030021643,LOCALLY_SOLVED
