level,seasonality,status
2.000000019999028,2.0000000199998866,LOCALLY_SOLVED
