level,seasonality,status
1.0000000099996722,1.000000009999941,LOCALLY_SOLVED
