level,seasonality,status
9.9900007579366e-6,1.0000000099999367,LOCALLY_SOLVED
