level,seasonality,status
1.0000000099997304,1.0000000099999389,LOCALLY_SOLVED
