level,seasonality,status
3.000000030075885,3.0000000300698253,LOCALLY_SOLVED
