level,seasonality,status
9.990001336594073e-6,1.0000000099999153,LOCALLY_SOLVED
