level,seasonality,status
2.000000020005042,2.0000000200074957,LOCALLY_SOLVED
