level,seasonality,status
9.989970092557578e-6,1.0000000100199957,LOCALLY_SOLVED
