level,seasonality,status
1.631366495679813,2.9999998632883043,LOCALLY_SOLVED
