level,seasonality,status
2.0000000200143537,2.000000020014877,LOCALLY_SOLVED
