level,seasonality,status
2.000000012014849,2.0000000174943673,LOCALLY_SOLVED
