level,seasonality,status
3.0000000299999883,3.0000000299998266,LOCALLY_SOLVED
