level,seasonality,status
1.0000000099996622,1.0000000099999367,LOCALLY_SOLVED
