level,seasonality,status
0.9999982244925059,0.9999998239354383,LOCALLY_SOLVED
