level,seasonality,status
8.016155230120728e-5,0.41541331247255253,LOCALLY_SOLVED
