level,seasonality,status
3.00000002999938,3.0000000299998173,LOCALLY_SOLVED
