level,seasonality,status
9.990028842648346e-6,9.990018413901821e-6,LOCALLY_SOLVED
