level,seasonality,status
0.9999998218314812,0.999999984773529,LOCALLY_SOLVED
