level,seasonality,status
3.000000030002163,3.0000000300054586,LOCALLY_SOLVED
