level,seasonality,status
1.0000000099995339,1.0000000099999427,LOCALLY_SOLVED
