level,seasonality,status
1.0000000099994288,1.0000000099999486,LOCALLY_SOLVED
