level,seasonality,status
1.919444420789861,2.336057203415988,LOCALLY_SOLVED
