level,seasonality,status
2.999999923990822,3.000000003711896,LOCALLY_SOLVED
