level,seasonality,status
2.0000000199994687,2.000000019999882,LOCALLY_SOLVED
