level,seasonality,status
9.99001648727244e-6,9.990007196478877e-6,LOCALLY_SOLVED
